"0","# Set up the game board"
"0","game_board <- data.frame("
"0","  start = c(1, 4, 9, 16, 21, 28, 36, 44, 52, 67, 71, 80, 87),"
"0","  end = c(38, 14, 31, 6, 42, 84, 44, 26, 72, 86, 91, 100, 24)"
"0",")"
"0",""
"0","# Define a function to simulate a single turn"
"0","simulate_turn <- function(current_position) {"
"0","  # Roll the dice"
"0","  dice_roll <- sample(1:6, 1)"
"0",""
"0","  # Move the player"
"0","  new_position <- current_position + dice_roll"
"0",""
"0","  # Check for a ladder or snake"
"0","  ladder_or_snake <- which(game_board$start == new_position)"
"0","  if (length(ladder_or_snake) > 0) {"
"0","    new_position <- game_board$end[ladder_or_snake]"
"0","    message(paste0(""Landed on a ladder! Moving to position "", new_position, "".""))"
"0","  } else {"
"0","    ladder_or_snake <- which(game_board$end == new_position)"
"0","    if (length(ladder_or_snake) > 0) {"
"0","      new_position <- game_board$start[ladder_or_snake]"
"0","      message(paste0(""Landed on a snake! Moving to position "", new_position, "".""))"
"0","    }"
"0","  }"
"0",""
"0","  # Make sure the player didn't go past the end of the board"
"0","  if (new_position > 100) {"
"0","    new_position <- current_position"
"0","  }"
"0",""
"0","  # Return the new position"
"0","  return(new_position)"
"0","}"
"0",""
"0","# Define a function to simulate a full game"
"0","simulate_game <- function() {"
"0","  # Initialize the game"
"0","  position <- 0"
"0","  turns <- 0"
"0",""
"0","  # Loop until the player reaches the end of the board"
"0","  while (position < 100) {"
"0","    # Simulate a turn"
"0","    position <- simulate_turn(position)"
"0","    turns <- turns + 1"
"0",""
"0","    # Print the current position"
"0","    message(paste0(""Current position: "", position, "".""))"
"0","  }"
"0",""
"0","  # Print the number of turns it took to win"
"0","  message(paste0(""You won in "", turns, "" turns!""))"
"0","}"
"0",""
"0","# Run the game"
"0","simulate_game()"
"2","Current position: 3.
"
"2","Current position: 5.
"
"2","Current position: 10.
"
"2","Landed on a snake! Moving to position 4.
"
"2","Current position: 4.
"
"2","Landed on a ladder! Moving to position 31.
"
"2","Current position: 31.
"
"2","Current position: 32.
"
"2","Current position: 35.
"
"2","Current position: 39.
"
"2","Current position: 40.
"
"2","Current position: 43.
"
"2","Current position: 49.
"
"2","Current position: 51.
"
"2","Current position: 55.
"
"2","Current position: 58.
"
"2","Current position: 61.
"
"2","Current position: 66.
"
"2","Current position: 68.
"
"2","Landed on a snake! Moving to position 52.
"
"2","Current position: 52.
"
"2","Current position: 55.
"
"2","Current position: 56.
"
"2","Current position: 62.
"
"2","Current position: 63.
"
"2","Current position: 66.
"
"2","Landed on a ladder! Moving to position 91.
"
"2","Current position: 91.
"
"2","Current position: 96.
"
"2","Current position: 96.
"
"2","Current position: 96.
"
"2","Current position: 99.
"
"2","Current position: 99.
"
"2","Current position: 99.
"
"2","Current position: 99.
"
"2","Current position: 99.
"
"2","Current position: 99.
"
"2","Current position: 99.
"
"2","Current position: 99.
"
"2","Current position: 99.
"
"2","Current position: 99.
"
"2","Current position: 99.
"
"2","Current position: 99.
"
"2","Current position: 99.
"
"2","Current position: 99.
"
"2","Landed on a snake! Moving to position 80.
"
"2","Current position: 80.
"
"2","Landed on a snake! Moving to position 28.
"
"2","Current position: 28.
"
"2","Current position: 33.
"
"2","Landed on a snake! Moving to position 1.
"
"2","Current position: 1.
"
"2","Current position: 5.
"
"2","Landed on a ladder! Moving to position 31.
"
"2","Current position: 31.
"
"2","Current position: 33.
"
"2","Current position: 34.
"
"2","Current position: 37.
"
"2","Landed on a snake! Moving to position 1.
"
"2","Current position: 1.
"
"2","Current position: 2.
"
"2","Current position: 8.
"
"2","Landed on a ladder! Moving to position 31.
"
"2","Current position: 31.
"
"2","Current position: 33.
"
"2","Current position: 37.
"
"2","Current position: 40.
"
"2","Current position: 43.
"
"2","Current position: 45.
"
"2","Current position: 49.
"
"2","Current position: 54.
"
"2","Current position: 60.
"
"2","Current position: 61.
"
"2","Current position: 65.
"
"2","Current position: 70.
"
"2","Landed on a snake! Moving to position 52.
"
"2","Current position: 52.
"
"2","Current position: 56.
"
"2","Current position: 57.
"
"2","Current position: 62.
"
"2","Current position: 63.
"
"2","Current position: 64.
"
"2","Current position: 65.
"
"2","Landed on a ladder! Moving to position 86.
"
"2","Current position: 86.
"
"2","Current position: 92.
"
"2","Current position: 97.
"
"2","Current position: 97.
"
"2","Landed on a snake! Moving to position 80.
"
"2","Current position: 80.
"
"2","Current position: 83.
"
"2","Landed on a snake! Moving to position 28.
"
"2","Current position: 28.
"
"2","Current position: 34.
"
"2","Current position: 35.
"
"2","Landed on a ladder! Moving to position 44.
"
"2","Current position: 44.
"
"2","Current position: 47.
"
"2","Current position: 48.
"
"2","Landed on a ladder! Moving to position 72.
"
"2","Current position: 72.
"
"2","Current position: 77.
"
"2","Current position: 82.
"
"2","Landed on a snake! Moving to position 67.
"
"2","Current position: 67.
"
"2","Current position: 73.
"
"2","Current position: 74.
"
"2","Landed on a ladder! Moving to position 100.
"
"2","Current position: 100.
"
"2","You won in 91 turns!
"
